{"columns":["danceability","energy","mode","speechiness","acousticness","instrumentalness","liveness","valence"],"index":[1970,1971,1972,1973,1974,1975,1976,1977,1978,1979,1980,1981,1982,1983,1984,1985,1986,1987,1988,1989,1990,1991,1992,1993,1994,1995,1996,1997,1998,1999,2000,2001,2002,2003,2004,2005,2006,2007,2008,2009,2010,2011,2012,2013,2014,2015,2016,2017,2018,2019,2020],"data":[[0.53035,0.513794,0.77,0.065419,0.4405771,0.0495359198,0.251687,0.600641],[0.54015,0.529297,0.72,0.055033,0.459365,0.0399420831,0.193239,0.65267],[0.53399,0.503054,0.64,0.045331,0.514838,0.0539602777,0.243273,0.58617],[0.52875,0.520319,0.68,0.057371,0.4566399,0.0617111071,0.180375,0.618022],[0.54023,0.523232,0.66,0.067247,0.43929095,0.047096292,0.26504,0.552353],[0.54719,0.572684,0.78,0.06287,0.37013198,0.0633946379,0.244363,0.583537],[0.56407,0.53139,0.73,0.058797,0.4171078,0.0794491087,0.208277,0.57035],[0.57121,0.57421,0.64,0.061974,0.37826008,0.0702469908,0.21093,0.579879],[0.59912,0.56579,0.58,0.052726,0.35069882,0.0627111106,0.225216,0.597893],[0.57293,0.555138,0.71,0.057398,0.41080214,0.0271261754,0.228381,0.591222],[0.54375,0.5155,0.78,0.049378,0.46839995,0.0122193481,0.241236,0.554643],[0.52995,0.51555,0.71,0.050228,0.479855,0.0390653225,0.254677,0.513619],[0.62294,0.553541,0.76,0.056186,0.34103722,0.0489693971,0.254292,0.591641],[0.60418,0.575828,0.67,0.068161,0.3495371,0.0046690117,0.233298,0.608375],[0.6076,0.61219,0.68,0.055969,0.328419,0.0187652108,0.232513,0.62356],[0.58674,0.570705,0.68,0.043074,0.35129392,0.0355682619,0.231633,0.5478261],[0.58394,0.610415,0.73,0.054469,0.3078281,0.0644618843,0.248312,0.58129],[0.59731,0.59922,0.75,0.044442,0.30933542,0.0348688768,0.217392,0.601217],[0.63091,0.608441,0.76,0.047228,0.28162398,0.0442288894,0.209678,0.592974],[0.59341,0.58882,0.78,0.04622,0.33294862,0.0156073154,0.240414,0.557933],[0.58758,0.570945,0.8,0.039929,0.30644986,0.0196442915,0.187613,0.537203],[0.59073,0.576396,0.75,0.047653,0.30207111,0.0412974902,0.193303,0.571092],[0.60111,0.570476,0.71,0.048332,0.295278465,0.0355828885,0.20306,0.545102],[0.59154,0.61602,0.8,0.056992,0.31029162,0.0211696768,0.244379,0.54769],[0.58926,0.574741,0.78,0.049293,0.29971586,0.0237867953,0.210415,0.516906],[0.62454,0.66584,0.68,0.068364,0.27243135,0.0208274497,0.26764,0.617867],[0.62818,0.63467,0.78,0.06295,0.2880995,0.0509942705,0.254304,0.594588],[0.59936,0.629601,0.71,0.059871,0.30979936,0.0393723278,0.218417,0.561546],[0.60384,0.66426,0.85,0.063322,0.3288612,0.0155040469,0.238677,0.579955],[0.58926,0.70465,0.75,0.054573,0.3343207,0.0020571509,0.309586,0.63228],[0.61116,0.72789,0.83,0.062016,0.261786763,0.0154443259,0.269635,0.62214],[0.63982,0.696198,0.69,0.061093,0.26477571,0.0198889217,0.251287,0.582742],[0.59466,0.71237,0.74,0.059498,0.25505764,0.0307103154,0.303278,0.534017],[0.59268,0.6874,0.76,0.059362,0.290219769,0.0048975229,0.33995,0.562153],[0.60103,0.67902,0.74,0.051108,0.30647211,0.0037999217,0.361232,0.564263],[0.60697,0.73638,0.69,0.069256,0.24618026,0.0175172315,0.355521,0.603082],[0.58444,0.70834,0.77,0.065987,0.303155985,0.0162693927,0.276584,0.53973],[0.627,0.67884,0.67,0.073069,0.30046831,0.0126664263,0.295371,0.531341],[0.62277,0.70318,0.68,0.067039,0.32859328,0.0036874534,0.388896,0.58573],[0.6285,0.70065,0.65,0.081592,0.235873915,0.0291826031,0.282899,0.56908],[0.61336,0.721724,0.72,0.074492,0.24072919,0.0367217915,0.29888,0.569827],[0.63081,0.78127,0.74,0.067329,0.25830563,0.0244606654,0.369264,0.57897],[0.6148,0.73347,0.73,0.060049,0.24657879,0.0019444792,0.36674,0.59321],[0.62897,0.7396431,0.66,0.062206,0.36556921,0.0195613733,0.381943,0.61224],[0.63629,0.7487,0.77,0.067639,0.36609686,0.0064703891,0.353061,0.64609],[0.6382,0.768,0.81,0.066805,0.399878,0.0188485486,0.439973,0.63825],[0.62779,0.764696,0.77,0.073532,0.451085,0.009306366,0.44218,0.61845],[0.66579,0.78077,0.77,0.080457,0.42252,0.001967882,0.372822,0.66557],[0.65345,0.73065,0.79,0.069526,0.432377,0.0001300843,0.389514,0.64005],[0.66346,0.75512,0.75,0.068551,0.431086,0.000015836,0.498498,0.66782],[0.65393,0.74393,0.74,0.077113,0.3803378,0.000107268,0.457124,0.6543]]}