{"columns":["danceability","energy","key","loudness","mode","speechiness","acousticness","instrumentalness","liveness","valence"],"index":[1970,1971,1972,1973,1974,1975,1976,1977,1978,1979,1980,1981,1982,1983,1984,1985,1986,1987,1988,1989,1990,1991,1992,1993,1994,1995,1996,1997,1998,1999,2000,2001,2002,2003,2004,2005,2006,2007,2008,2009,2010,2011,2012,2013,2014,2015,2016,2017,2018,2019,2020],"data":[[0.5139382716,0.5311481481,4.9012345679,-10.6428641975,0.7901234568,0.055517284,0.4104519753,0.0379272625,0.256637037,0.6119765432],[0.5260361446,0.5253819277,4.5662650602,-10.5169638554,0.7228915663,0.0496373494,0.4413746988,0.0273351018,0.1962542169,0.6618433735],[0.5397,0.50686,5.6444444444,-10.2515,0.6444444444,0.0452555556,0.5026755556,0.0328904997,0.2474066667,0.593],[0.5275,0.5183852273,5.1363636364,-10.793625,0.7045454545,0.0546329545,0.4663157955,0.0554248806,0.1768193182,0.6232159091],[0.5371976744,0.5363860465,5.3604651163,-9.8793372093,0.7093023256,0.0584813953,0.432260814,0.042830161,0.2707604651,0.57105],[0.5563902439,0.5735731707,4.987804878,-9.9857317073,0.7804878049,0.0657731707,0.3769487805,0.0324420294,0.2567707317,0.5907195122],[0.5466206897,0.5238735632,5.0459770115,-10.1224022989,0.724137931,0.0563781609,0.432488046,0.0790954183,0.1860126437,0.5676436782],[0.5591022727,0.5674545455,5.0681818182,-9.8484886364,0.6363636364,0.0622590909,0.3755803182,0.0798212508,0.2100306818,0.5656647727],[0.6026818182,0.5648068182,5.5340909091,-10.1866590909,0.5795454545,0.0531056818,0.3327216136,0.0419552989,0.2404829545,0.6069863636],[0.5741460674,0.5713348315,5.404494382,-10.2872696629,0.6966292135,0.0563089888,0.4011799326,0.0248236939,0.2249348315,0.5967438202],[0.5395368421,0.5122842105,4.8315789474,-10.9241789474,0.7789473684,0.0490094737,0.4708094211,0.0128593696,0.2438557895,0.5515610526],[0.534814433,0.5145051546,4.4948453608,-10.5365979381,0.7113402062,0.0485525773,0.4826597938,0.0303659985,0.2545247423,0.5192876289],[0.6255473684,0.5461484211,5.8947368421,-10.7207263158,0.7473684211,0.05562,0.3480939158,0.0513010991,0.2472757895,0.5903378947],[0.610741573,0.5835258427,5.6741573034,-9.6138988764,0.6516853933,0.0610685393,0.3435753933,0.0046225654,0.2393775281,0.6011179775],[0.6146666667,0.6127471264,4.3448275862,-9.5341724138,0.6781609195,0.0527471264,0.3146182759,0.0143518048,0.2182494253,0.6317356322],[0.5939894737,0.5750463158,5.2210526316,-10.2039263158,0.6736842105,0.0421547368,0.3456641263,0.0204202439,0.2273294737,0.5627221053],[0.5899120879,0.6337802198,5.0769230769,-9.6181538462,0.7252747253,0.0528912088,0.2828843956,0.0392378399,0.2517516484,0.5942857143],[0.6045113636,0.6011477273,5.0568181818,-9.9246818182,0.7613636364,0.0450659091,0.3224232045,0.0330003502,0.2086431818,0.6058863636],[0.6288333333,0.6349111111,5.7777777778,-9.414,0.7555555556,0.0436177778,0.2543048667,0.0285219137,0.1959377778,0.6100677778],[0.5877111111,0.5975222222,5.5777777778,-10.1062777778,0.7666666667,0.0462588889,0.3313240222,0.0076295556,0.2337522222,0.5559811111],[0.593494382,0.5630168539,4.6516853933,-9.961752809,0.7865168539,0.0385662921,0.3006973034,0.0176384808,0.1758033708,0.537194382],[0.5899101124,0.5720786517,5.0898876404,-10.1954269663,0.7640449438,0.0444314607,0.3008452921,0.0279334047,0.1808651685,0.5682359551],[0.5966853933,0.5576921348,5.2247191011,-10.4012022472,0.7415730337,0.0447550562,0.3110710843,0.0151529106,0.2093,0.5311820225],[0.5938152174,0.6236956522,5.0652173913,-9.4374021739,0.8152173913,0.055375,0.3016930652,0.0204488974,0.2502923913,0.5469130435],[0.5915851064,0.5725755319,5.329787234,-9.9619148936,0.7872340426,0.0487670213,0.2935424043,0.0072806971,0.2149946809,0.5144],[0.6326436782,0.6629770115,5.4597701149,-8.9424022989,0.6666666667,0.0701264368,0.2601251149,0.0107199144,0.245537931,0.6302298851],[0.6233406593,0.6257692308,4.989010989,-8.8546703297,0.7912087912,0.0600197802,0.2924324176,0.0371376599,0.2594021978,0.5844703297],[0.605326087,0.6378076087,5.1847826087,-8.3748913043,0.7173913043,0.0546358696,0.2986460435,0.0340061863,0.222323913,0.5712173913],[0.6045108696,0.673923913,4.3586956522,-7.8613043478,0.847826087,0.0648141304,0.3114252174,0.0168469582,0.233676087,0.5805054348],[0.5902553191,0.7065957447,4.9680851064,-7.2568723404,0.7446808511,0.0545542553,0.3335571277,0.0021884412,0.2922829787,0.6394042553],[0.6059456522,0.7203586957,5.2608695652,-6.7878804348,0.847826087,0.062973913,0.2603200685,0.0081639411,0.2598923913,0.6175108696],[0.6298965517,0.6870574713,5.908045977,-6.8715977011,0.7126436782,0.057762069,0.2716254138,0.0109136338,0.238537931,0.5737034483],[0.5927526882,0.714827957,5.5053763441,-6.5937311828,0.7311827957,0.0498655914,0.2592628065,0.0312889735,0.2977075269,0.5389215054],[0.5884555556,0.7019222222,4.9888888889,-6.9236,0.7555555556,0.0588777778,0.2803452989,0.0011943791,0.3495655556,0.5693355556],[0.5997708333,0.6779895833,5.1875,-6.7929270833,0.75,0.0513666667,0.3000230313,0.0039575309,0.3677197917,0.561378125],[0.6134606742,0.7400786517,5.202247191,-6.5738314607,0.6741573034,0.0712314607,0.2270317528,0.0074177725,0.3561280899,0.6016988764],[0.5903863636,0.7225681818,5.5909090909,-6.0326136364,0.7613636364,0.0665102273,0.2734529602,0.0142351185,0.2931181818,0.5517272727],[0.6326521739,0.6990543478,5.7717391304,-6.0672608696,0.652173913,0.0756076087,0.2724209891,0.0005624077,0.3066826087,0.5410336957],[0.6159673913,0.7107173913,5.5543478261,-6.569326087,0.6847826087,0.0668913043,0.3185176957,0.0009811357,0.4112684783,0.5736956522],[0.622043956,0.7071318681,5.5274725275,-6.0305714286,0.6703296703,0.0818681319,0.2335622143,0.0178940423,0.2974879121,0.563956044],[0.6190888889,0.7417888889,5.1555555556,-5.9988,0.7222222222,0.0718011111,0.2251991,0.0254240111,0.3166755556,0.57633],[0.6376404494,0.7802134831,4.8764044944,-5.5875393258,0.7640449438,0.0612651685,0.2614474494,0.0140344555,0.3727820225,0.5684157303],[0.6161546392,0.732814433,5.1134020619,-5.6786082474,0.7319587629,0.0583206186,0.2450204021,0.0020046177,0.3739618557,0.5895051546],[0.6303473684,0.7605789474,6.4315789474,-5.3133263158,0.6526315789,0.0613642105,0.3465570632,0.0007593403,0.3892821053,0.6142105263],[0.6410638298,0.7549042553,5.1489361702,-5.236393617,0.7659574468,0.0632212766,0.3626455957,0.0068583718,0.3561957447,0.6458191489],[0.637744898,0.7655408163,5.2142857143,-5.3764591837,0.8265306122,0.06665,0.4055693878,0.0192307741,0.4410642857,0.6361632653],[0.6270208333,0.7749479167,4.9895833333,-4.7884375,0.7708333333,0.07445,0.4425364583,0.0002253812,0.4482104167,0.61515625],[0.6676868687,0.7825959596,5.7474747475,-4.4480707071,0.7676767677,0.0806181818,0.4197373737,0.0019877596,0.3755969697,0.6625656566],[0.6515816327,0.7345408163,5.2857142857,-4.970755102,0.7959183673,0.0691469388,0.4285173469,0.0001327391,0.3954918367,0.6440510204],[0.66346,0.75512,5.19,-4.56258,0.75,0.068551,0.431086,0.000015836,0.498498,0.66782],[0.65393,0.74393,5.46,-5.07518,0.74,0.077113,0.3803378,0.000107268,0.457124,0.6543]]}